{
    "learning_rate": 0.033356087308330576,
    "num_leaves": 104,
    "max_depth": 9,
    "min_data_in_leaf": 16,
    "bagging_fraction": 0.8775924060295223,
    "bagging_freq": 6,
    "feature_fraction": 0.5380692088171432,
    "reg_alpha": 1.4292315637255737e-05,
    "reg_lambda": 3.308604137212157e-07,
    "min_gain_to_split": 2.8044580958429424
}