{
    "Baseline": {
        "MAE": 1191.335079844615,
        "RMSE": 3091.673968002405,
        "R2": 0.6967166097943821,
        "WAPE": 0.46873043225876254
    },
    "Experiment A (lag 8, 12)": {
        "MAE": 1186.0165745113748,
        "RMSE": 3013.786865690624,
        "R2": 0.6947821740245761,
        "WAPE": 0.4744255157105135
    },
    "Experiment B (lag 26, 52)": {
        "MAE": 1188.7060154909018,
        "RMSE": 3055.5410576553086,
        "R2": 0.6899885206810813,
        "WAPE": 0.4745853136572715
    },
    "Experiment C (expanding mean spend/roas)": {
        "MAE": 1197.0993258393796,
        "RMSE": 3066.9930427910617,
        "R2": 0.6937350066846439,
        "WAPE": 0.47478875582958435
    },
    "Experiment D (rolling std 8w, 12w)": {
        "MAE": 1207.5415207080803,
        "RMSE": 3087.54156043704,
        "R2": 0.6766320808290658,
        "WAPE": 0.4820883494339747
    },
    "Experiment E (rolling median 4w, 8w)": {
        "MAE": 1208.7642601408888,
        "RMSE": 3132.9965763497557,
        "R2": 0.6838373827025734,
        "WAPE": 0.4787863241102018
    }
}