{
    "baseline_cv": {
        "R2": 0.6048,
        "RMSE": 3912.4,
        "MAE": 1289.78,
        "WAPE": 0.4924
    },
    "default_tweedie_cv": {
        "MAE": 1203.4024882564627,
        "RMSE": 2954.3342717189025,
        "R2": 0.698062915162625,
        "WAPE": 0.4784531705174615
    },
    "tuned_tweedie_cv": {
        "MAE": 1191.335079844615,
        "RMSE": 3091.673968002405,
        "R2": 0.6967166097943821,
        "WAPE": 0.46873043225876254
    },
    "baseline_holdout": {
        "MAE": 1517.3120113908824,
        "RMSE": 3520.2878440807185,
        "R2": 0.5295015090116435,
        "WAPE": 0.5224721035910318,
        "n": 334
    },
    "tuned_tweedie_holdout": {
        "MAE": 1431.0970228920064,
        "RMSE": 3166.2071253177273,
        "R2": 0.6193897089032709,
        "WAPE": 0.4927847841314088,
        "n": 334
    }
}